"","crate_id","name.x","status","name.y","updated_at","created_at","downloads","repository","version"
"1",39,"libz-sys","passed","libz-sys",2022-05-28 05:18:05,2014-11-11 06:38:26,23892829,"https://github.com/rust-lang/libz-sys","1.1.8"
"2",41,"openssl-sys","passed","openssl-sys",2022-10-22 13:31:15,2014-11-11 06:38:37,46261124,"https://github.com/sfackler/rust-openssl","0.9.77"
"3",538,"curl-sys","passed","curl-sys",2022-10-27 03:00:42,2014-12-12 20:33:25,10145018,"https://github.com/alexcrichton/curl-rust","0.4.58+curl-7.86.0"
"4",602,"magic-sys","passed","magic-sys",2022-08-18 17:56:53,2014-12-19 14:39:39,39281,"https://github.com/robo9k/rust-magic-sys.git","0.3.0"
"5",694,"allegro-sys","check-failed","allegro-sys",2022-08-23 08:47:31,2015-01-04 02:11:11,34921,"https://github.com/SiegeLord/RustAllegro","0.0.44"
"6",695,"allegro_image-sys","passed","allegro_image-sys",2022-08-23 08:47:34,2015-01-04 02:11:15,20981,"https://github.com/SiegeLord/RustAllegro","0.0.44"
"7",697,"allegro_acodec-sys","passed","allegro_acodec-sys",2022-08-23 08:47:47,2015-01-04 02:11:23,20375,"https://github.com/SiegeLord/RustAllegro","0.0.44"
"8",698,"allegro_dialog-sys","check-failed","allegro_dialog-sys",2022-08-23 08:47:50,2015-01-04 02:11:28,19725,"https://github.com/SiegeLord/RustAllegro","0.0.44"
"9",699,"allegro_primitives-sys","check-failed","allegro_primitives-sys",2022-08-23 08:47:54,2015-01-04 02:11:32,20650,"https://github.com/SiegeLord/RustAllegro","0.0.44"
"10",700,"allegro_font-sys","check-failed","allegro_font-sys",2022-08-23 08:47:56,2015-01-04 02:11:36,23148,"https://github.com/SiegeLord/RustAllegro","0.0.44"
"11",701,"allegro_ttf-sys","check-failed","allegro_ttf-sys",2022-08-23 08:48:11,2015-01-04 02:11:42,21388,"https://github.com/SiegeLord/RustAllegro","0.0.44"
"12",714,"sdl2-sys","passed","sdl2-sys",2022-02-06 18:14:23,2015-01-05 10:46:49,914829,"https://github.com/rust-sdl2/rust-sdl2","0.35.2"
"13",795,"libc","passed","libc",2022-10-25 23:09:06,2015-01-15 20:22:13,145177014,"https://github.com/rust-lang/libc","0.2.137"
"14",867,"mozjpeg-sys","passed","mozjpeg-sys",2022-08-18 14:10:48,2015-01-24 17:21:00,196114,"https://github.com/kornelski/mozjpeg-sys.git","1.0.3"
"15",1460,"libsqlite3-sys","passed","libsqlite3-sys",2022-10-27 02:40:16,2015-02-24 02:54:21,8512888,"https://github.com/rusqlite/rusqlite","0.25.2"
"16",1508,"gexiv2-sys","check-failed","gexiv2-sys",2022-07-30 23:21:19,2015-03-03 01:34:14,22301,"https://github.com/felixc/gexiv2-sys","1.2.0"
"17",2005,"python3-sys","passed","python3-sys",2022-10-25 18:44:51,2015-05-02 22:39:10,439825,"https://github.com/dgrunwald/rust-cpython/tree/master/python3-sys","0.7.1"
"18",2241,"sqlite3-sys","passed","sqlite3-sys",2022-07-31 14:31:16,2015-05-28 19:20:24,157285,"https://github.com/stainless-steel/sqlite3-sys","0.14.0"
"19",2621,"c-ares-sys","passed","c-ares-sys",2022-04-25 11:30:21,2015-07-17 09:27:57,56402,"https://github.com/dimbleby/rust-c-ares","5.3.4"
"20",2646,"webm-sys","passed","webm-sys",2022-01-25 02:24:48,2015-07-21 18:48:49,12449,"https://github.com/DiamondLovesYou/rust-webm.git","1.0.3"
"21",2869,"llvm-sys","check-failed","llvm-sys",2022-10-08 02:03:16,2015-08-18 18:07:20,697752,"https://gitlab.com/taricorp/llvm-sys.rs","150.0.3"
"22",2972,"imgui-sys","passed","imgui-sys",2021-12-26 20:36:37,2015-08-31 18:25:42,394233,"https://github.com/imgui-rs/imgui-rs","0.8.2"
"23",3519,"security-framework-sys","passed","security-framework-sys",2022-02-05 03:49:31,2015-11-27 22:16:51,17029943,"https://github.com/kornelski/rust-security-framework","2.6.1"
"24",3706,"mongoc-sys","check-failed","mongoc-sys",2022-07-02 08:23:29,2015-12-19 20:00:24,45877,"https://github.com/thijsc/mongo-rust-driver","1.22.0"
"25",3892,"onig_sys","passed","onig_sys",2022-08-09 06:34:18,2016-01-13 19:01:01,2482474,"http://github.com/iwillspeak/rust-onig","69.8.1"
"26",4053,"libftdi1-sys","passed","libftdi1-sys",2022-02-13 13:01:40,2016-02-02 00:13:08,96849,"https://github.com/tanriol/libftdi1-sys","1.1.2"
"27",4247,"allegro_color-sys","check-failed","allegro_color-sys",2022-08-23 08:48:17,2016-02-22 06:48:16,8571,"https://github.com/SiegeLord/RustAllegro","0.0.44"
"28",4507,"lzma-sys","passed","lzma-sys",2022-06-06 17:08:25,2016-03-21 08:35:36,3793565,"https://github.com/alexcrichton/xz2-rs","0.1.19"
"29",5477,"lldb-sys","check-failed","lldb-sys",2022-09-15 04:26:01,2016-06-24 14:31:33,12416,"https://github.com/endoli/lldb-sys.rs","0.0.29"
"30",5664,"lcms2-sys","passed","lcms2-sys",2022-09-22 01:23:42,2016-07-14 09:43:11,85980,"https://github.com/kornelski/rust-lcms2-sys.git","4.0.0"
"31",7202,"nautilus-extension-sys","check-failed","nautilus-extension-sys",2022-07-27 10:25:45,2016-11-11 03:03:03,3768,"https://github.com/talklittle/nautilus-extension-rs","0.8.0"
"32",7211,"capstone-sys","passed","capstone-sys",2022-05-02 06:34:18,2016-11-12 06:38:49,415000,"https://github.com/capstone-rust/capstone-rs/tree/master/capstone-sys","0.15.0"
"33",7371,"rdkafka-sys","passed","rdkafka-sys",2022-10-29 16:32:11,2016-11-26 16:31:48,2138791,"https://github.com/fede1024/rust-rdkafka","4.3.0+1.9.2"
"34",7559,"coremidi-sys","passed","coremidi-sys",2022-03-11 20:27:58,2016-12-13 07:43:46,28173,"https://github.com/jonas-k/coremidi-sys","3.1.0"
"35",7907,"gmp-mpfr-sys","passed","gmp-mpfr-sys",2022-08-06 19:53:29,2017-01-03 22:25:26,243683,"https://gitlab.com/tspiteri/gmp-mpfr-sys","1.4.10"
"36",9055,"odbc-sys","passed","odbc-sys",2022-02-04 08:21:49,2017-03-19 22:34:05,166539,"https://github.com/pacman82/odbc-sys","0.21.2"
"37",10418,"cbindgen","passed","cbindgen",2022-06-09 20:39:00,2017-04-12 15:57:46,3921748,"https://github.com/eqrion/cbindgen/","0.24.3"
"38",10606,"input-sys","check-failed","input-sys",2021-12-11 16:19:06,2017-04-14 20:50:32,30600,"https://github.com/Drakulix/input.rs/tree/master/input-sys","1.16.1"
"39",13761,"pcan-basic-sys","passed","pcan-basic-sys",2022-05-15 11:39:05,2017-05-08 20:38:54,2142,"https://github.com/tsabelmann/pcan-basic-sys","2.1.0"
"40",24949,"grpcio-sys","passed","grpcio-sys",2022-06-28 17:20:57,2017-07-25 03:45:45,600871,"https://github.com/tikv/grpc-rs","0.10.3+1.44.0-patched"
"41",31361,"gbm-sys","check-failed","gbm-sys",2022-08-29 18:48:39,2017-09-11 10:12:47,13272,"https://github.com/Drakulix/gbm.rs/tree/master/gbm-sys","0.2.1"
"42",38157,"openmp-sys","passed","openmp-sys",2022-01-28 01:17:01,2017-11-04 20:06:45,28363,"https://gitlab.com/kornelski/openmp-rs.git","1.2.3"
"43",38425,"unwind-sys","check-failed","unwind-sys",2022-02-26 14:15:55,2017-11-07 06:13:05,112405,"https://github.com/sfackler/rstack","0.1.3"
"44",38485,"libstrophe-sys-bindgen","passed","libstrophe-sys-bindgen",2022-06-27 19:21:49,2017-11-07 14:52:19,6700,"https://github.com/twistedfall/libstrophe-sys-bindgen","5.0.0"
"45",38926,"opencl-sys","passed","opencl-sys",2022-09-17 10:20:24,2017-11-10 23:12:19,1990,"https://github.com/kenba/opencl-sys-rs","0.2.4"
"46",48019,"cfasttext-sys","passed","cfasttext-sys",2022-02-07 02:38:16,2018-01-23 09:49:42,12308,"https://github.com/messense/fasttext-rs","0.7.0"
"47",48806,"vapoursynth-sys","passed","vapoursynth-sys",2022-07-13 03:46:14,2018-01-29 16:55:44,41329,"https://github.com/YaLTeR/vapoursynth-rs","0.4.0"
"48",48821,"faiss-sys","passed","faiss-sys",2022-03-28 17:02:34,2018-01-29 19:52:58,8894,"https://github.com/Enet4/faiss-rs","0.6.0"
"49",49140,"system-configuration-sys","passed","system-configuration-sys",2022-01-04 08:44:09,2018-02-01 12:06:02,301724,"https://github.com/mullvad/system-configuration-rs","0.5.0"
"50",66234,"nitrokey-sys","passed","nitrokey-sys",2022-04-30 08:44:58,2018-05-19 19:26:39,11478,"https://git.sr.ht/~ireas/nitrokey-sys-rs","3.7.0"
"51",67740,"yara-sys","check-failed","yara-sys",2022-09-01 13:11:48,2018-05-30 09:39:48,131316,"https://github.com/Hugal31/yara-rust","0.16.0"
"52",82022,"mnl-sys","passed","mnl-sys",2022-02-11 10:34:33,2018-08-29 21:01:16,91507,"https://github.com/mullvad/mnl-rs","0.2.1"
"53",85545,"nftnl-sys","check-failed","nftnl-sys",2022-02-11 14:20:34,2018-09-19 19:28:42,98509,"https://github.com/mullvad/nftnl-rs","0.6.1"
"54",88840,"newt-sys","passed","newt-sys",2022-05-01 03:01:10,2018-10-09 05:58:03,3467,"https://github.com/rtgill82/newt-sys","0.1.9"
"55",90899,"opencc-rust","check-failed","opencc-rust",2022-07-21 16:57:58,2018-10-16 04:49:45,7303,"https://github.com/magiclen/opencc-rust","1.1.13"
"56",93770,"zbar-rust","check-failed","zbar-rust",2022-07-23 08:09:22,2018-10-31 08:35:48,14766,"https://github.com/magiclen/zbar-rust","0.0.20"
"57",97382,"libthemis-sys","check-failed","libthemis-sys",2021-12-23 10:48:30,2018-11-18 05:15:57,2439,"https://github.com/cossacklabs/themis","0.14.0"
"58",98750,"riot-sys","check-failed","riot-sys",2022-10-01 19:20:27,2018-11-26 13:48:26,8417,"https://github.com/RIOT-OS/rust-riot-sys/","0.7.9"
"59",102283,"allegro_memfile-sys","check-failed","allegro_memfile-sys",2022-08-23 08:48:14,2018-12-17 05:44:56,1810,"https://github.com/SiegeLord/RustAllegro","0.0.44"
"60",109041,"vswhom-sys","passed","vswhom-sys",2022-02-15 18:05:07,2019-01-16 23:26:46,538227,"https://github.com/nabijaczleweli/vswhom-sys.rs","0.1.1"
"61",110351,"raylib-sys","passed","raylib-sys",2021-11-07 21:16:57,2019-01-24 03:43:30,15856,"https://github.com/deltaphc/raylib-rs","3.7.0"
"62",111268,"lmdb-rkv-sys","passed","lmdb-rkv-sys",2022-02-04 21:57:31,2019-01-29 01:06:17,426630,"https://github.com/mozilla/lmdb-rs.git","0.11.2"
"63",118162,"torch-sys","check-failed","torch-sys",2022-07-04 09:05:03,2019-03-02 16:46:29,88256,"https://github.com/LaurentMazare/tch-rs","0.8.0"
"64",118751,"kpathsea_sys","check-failed","kpathsea_sys",2021-11-29 23:02:28,2019-03-04 22:51:16,1598,"https://github.com/dginev/rust-kpathsea","0.1.2"
"65",122405,"openxr-sys","passed","openxr-sys",2022-10-08 18:24:21,2019-03-19 03:44:41,29480,"https://github.com/Ralith/openxrs","0.9.3"
"66",126961,"fermium","check-failed","fermium",2022-10-22 01:20:18,2019-04-10 09:27:32,47288,"https://github.com/Lokathor/fermium","22401.0.0"
"67",127436,"geos-sys","passed","geos-sys",2022-03-23 14:31:18,2019-04-12 10:01:13,30022,"https://github.com/georust/geos","2.0.4"
"68",132820,"boolector-sys","passed","boolector-sys",2021-11-25 11:26:15,2019-05-08 14:34:24,7891,"https://github.com/fatemender/boolector-sys","0.7.1"
"69",134765,"ostree-sys","check-failed","ostree-sys",2022-10-28 07:36:51,2019-05-16 20:10:09,31455,"https://github.com/ostreedev/ostree-rs","0.11.0"
"70",139842,"env-libvpx-sys","check-failed","env-libvpx-sys",2022-07-14 06:21:19,2019-06-08 17:06:56,28247,"https://github.com/astraw/env-libvpx-sys","5.1.2"
"71",145269,"ncursesw","check-failed","ncursesw",2022-02-21 20:15:37,2019-07-01 21:48:52,4221,"https://github.com/narfit66/ncursesw-rs","0.6.4"
"72",156048,"libzetta","check-failed","libzetta",2022-04-17 21:50:10,2019-08-12 05:44:05,2068,"https://github.com/Inner-Heaven/libzetta-rs","0.3.1"
"73",156145,"physx-sys","passed","physx-sys",2022-10-20 11:59:37,2019-08-12 14:46:34,14092,"https://github.com/EmbarkStudios/physx-rs","0.8.0"
"74",158031,"clipper-sys","passed","clipper-sys",2022-03-16 11:01:49,2019-08-19 09:36:33,29164,"https://github.com/lelongg/clipper-sys","0.7.2"
"75",170558,"milter-sys","check-failed","milter-sys",2021-12-02 07:21:32,2019-10-07 11:55:14,3815,"https://gitlab.com/glts/milter-sys","0.2.3"
"76",177010,"libcec-sys","passed","libcec-sys",2022-08-07 05:44:47,2019-10-30 19:33:11,4378,"https://github.com/ssalonen/libcec-sys","4.0.0"
"77",177380,"rpmalloc-sys","passed","rpmalloc-sys",2022-04-15 12:58:52,2019-11-01 14:52:13,177181,"https://github.com/EmbarkStudios/rpmalloc-rs","0.2.3+b097fd0"
"78",196371,"oboe-sys","check-failed","oboe-sys",2022-01-11 14:55:41,2020-01-07 22:06:54,377143,"https://github.com/katyo/oboe-rs","0.4.5"
"79",198422,"minidl","passed","minidl",2022-02-07 23:44:32,2020-01-14 21:12:24,17330,"https://github.com/MaulingMonkey/minidl","0.1.4"
"80",198541,"libnotcurses-sys","check-failed","libnotcurses-sys",2022-09-25 09:52:53,2020-01-15 06:47:09,15842,"https://github.com/dankamongmen/libnotcurses-sys","3.7.0"
"81",206791,"jl-sys","check-failed","jl-sys",2022-08-21 13:42:56,2020-02-09 19:30:31,4082,"https://github.com/Taaitaaiger/jlrs","0.18.0"
"82",211783,"rquickjs-sys","passed","rquickjs-sys",2022-08-20 16:00:23,2020-02-23 15:36:05,9985,"https://github.com/DelSkayn/rquickjs.git","0.1.7"
"83",214088,"libwebp-sys2","passed","libwebp-sys2",2022-05-21 12:09:05,2020-03-01 04:08:33,61713,"https://github.com/qnighy/libwebp-sys2-rs","0.1.4"
"84",225979,"sasl2-sys","passed","sasl2-sys",2022-05-26 23:47:10,2020-04-03 17:14:45,643248,"https://github.com/MaterializeInc/rust-sasl","0.1.20+2.1.28"
"85",232265,"windows-dll","check-failed","windows-dll",2022-06-23 18:42:01,2020-04-20 16:47:21,171915,"https://github.com/thisKai/rust-windows-dll","0.4.1"
"86",233601,"gsasl-sys","check-failed","gsasl-sys",2021-12-03 17:34:36,2020-04-24 08:57:07,8734,"https://github.com/dequbed/rsasl/tree/1.X.X/gsasl-sys","0.2.4"
"87",235951,"leap-sys","passed","leap-sys",2022-07-13 21:28:49,2020-04-30 21:31:04,604,"https://github.com/urholaukkarinen/leap-sys","0.2.0"
"88",241146,"coin_cbc_sys","passed","coin_cbc_sys",2022-10-07 08:18:45,2020-05-13 15:35:59,77514,"https://github.com/KardinalAI/coin_cbc","0.1.2"
"89",244308,"fastly-sys","passed","fastly-sys",2022-10-20 18:04:38,2020-05-21 21:00:06,124335,NA,"0.8.9"
"90",252659,"rusty_ffmpeg","check-failed","rusty_ffmpeg",2022-09-12 11:53:29,2020-06-11 07:48:07,24906,"https://github.com/CCExtractor/rusty_ffmpeg/","0.10.0+ffmpeg.5.1"
"91",255595,"fuser","check-failed","fuser",2022-08-25 02:37:20,2020-06-19 06:08:48,52620,"https://github.com/cberner/fuser","0.11.1"
"92",259247,"libftd2xx-ffi","passed","libftd2xx-ffi",2022-09-17 18:22:19,2020-06-28 23:35:04,25333,"https://github.com/ftdi-rs/libftd2xx-ffi","0.8.5"
"93",276885,"jpegxl-sys","check-failed","jpegxl-sys",2022-09-24 13:59:08,2020-08-15 02:09:48,4233,"https://github.com/inflation/jpegxl-rs","0.7.0+libjxl-0.7.0"
"94",279979,"gtk-layer-shell-sys","check-failed","gtk-layer-shell-sys",2022-10-23 21:18:35,2020-08-24 02:42:11,31337,"https://github.com/pentamassiv/gtk-layer-shell-gir/tree/main/gtk-layer-shell-sys","0.5.0"
"95",282873,"web-extensions-sys","passed","web-extensions-sys",2022-10-26 15:36:19,2020-08-31 00:03:07,960,"https://github.com/web-extensions-rs/web-extensions-sys","0.3.3"
"96",287516,"flint-sys","passed","flint-sys",2022-09-03 00:18:48,2020-09-11 21:13:30,2612,"https://github.com/alex-ozdemir/flint-rs","0.7.1"
"97",314493,"polkit-sys","check-failed","polkit-sys",2022-10-01 23:19:10,2020-11-20 21:16:46,791,"https://codeberg.org/valpackett/polkit-rs","0.15.1"
"98",314498,"polkit-agent-sys","check-failed","polkit-agent-sys",2022-10-01 23:18:56,2020-11-20 21:19:54,495,"https://codeberg.org/valpackett/polkit-rs","0.15.1"
"99",320534,"openbsd","passed","openbsd",2021-11-19 12:40:27,2020-12-07 16:09:59,516,"https://github.com/joshua-cooper/openbsd-rs","0.1.2"
"100",325320,"cl3","passed","cl3",2022-09-17 11:37:53,2020-12-21 16:59:22,70152,"https://github.com/kenba/cl3","0.9.1"
"101",330738,"libyang2-sys","passed","libyang2-sys",2022-05-18 23:16:48,2021-01-02 20:43:14,1516,NA,"0.3.0"
"102",345379,"windivert-sys","check-failed","windivert-sys",2022-01-29 10:50:46,2021-01-22 16:43:46,2310,"https://github.com/Rubensei/windivert-rust.git","0.8.0"
"103",353340,"umm-malloc-sys","passed","umm-malloc-sys",2022-02-16 20:07:34,2021-02-10 18:50:16,798,"https://github.com/mattico/umm-malloc-rs","0.3.1"
"104",354920,"basis-universal-sys","passed","basis-universal-sys",2022-02-06 16:55:41,2021-02-14 02:32:43,28576,"https://github.com/aclysma/basis-universal-rs","0.2.0"
"105",372537,"tss-esapi-sys","check-failed","tss-esapi-sys",2022-02-04 09:51:13,2021-03-23 10:07:34,69047,"https://github.com/parallaxsecond/rust-tss-esapi","0.3.0"
"106",372622,"dart-sdk-sys","passed","dart-sdk-sys",2022-06-04 04:13:56,2021-03-23 16:11:32,2359,"https://github.com/DoumanAsh/dart-sys","2.17.1"
"107",373765,"opencl-heads","passed","opencl-heads",2021-11-21 09:21:25,2021-03-26 10:46:02,800,"https://github.com/n3nx/opencl-rs","0.2.1"
"108",374413,"nethost-sys","passed","nethost-sys",2022-10-28 22:21:16,2021-03-27 21:22:07,3846,"https://github.com/OpenByteDev/nethost-sys","0.6.1"
"109",392174,"turbojpeg-sys","passed","turbojpeg-sys",2022-09-23 06:20:16,2021-05-02 11:10:00,6720,"https://github.com/honzasp/rust-turbojpeg/turbojpeg-sys","0.2.2"
"110",394384,"vtflib-sys","check-failed","vtflib-sys",2022-03-19 18:06:33,2021-05-07 19:36:51,834,"https://github.com/lasa01/vtflib-sys.git","0.1.5"
"111",410283,"itron","check-failed","itron",2021-11-19 02:28:42,2021-06-15 07:36:18,1052,"https://github.com/solid-rs/itron-rs","0.1.9"
"112",411981,"winfw","passed","winfw",2022-08-05 05:13:28,2021-06-19 04:04:37,403,"https://github.com/marirs/winfw-rs","0.1.6"
"113",414918,"eccodes-sys","check-failed","eccodes-sys",2021-12-03 10:40:57,2021-06-25 18:19:54,1020,"https://github.com/ScaleWeather/eccodes-sys","0.3.1"
"114",416853,"libduckdb-sys","passed","libduckdb-sys",2022-09-20 02:42:20,2021-06-30 14:04:02,13558,"https://github.com/wangfenjin/duckdb-rs","0.5.1"
"115",456678,"arb-sys","passed","arb-sys",2022-09-03 01:13:35,2021-09-26 21:13:55,1727,"https://github.com/wjyoumans/arb-sys","0.3.5"
"116",456693,"antic-sys","passed","antic-sys",2022-09-03 02:16:29,2021-09-26 22:23:55,957,"https://github.com/wjyoumans/antic-sys","0.3.4"
"117",463202,"exmod","passed","exmod",2022-03-05 05:15:52,2021-10-10 16:53:23,1435,"https://gitlab.com/fluidex/exmod","0.3.3"
"118",473488,"rofuse","check-failed","rofuse",2021-12-09 12:47:52,2021-10-28 09:13:15,523,"https://github.com/payall4u/rofuse","0.0.5"
"119",481607,"doomgeneric","passed","doomgeneric",2021-11-14 04:25:53,2021-11-14 04:25:53,104,"https://github.com/LinusCDE/doomgeneric-rs","0.3.0-beta.2"
"120",482241,"mach2","passed","mach2",2022-06-07 13:42:29,2021-11-15 16:48:14,81080,"https://github.com/JohnTitor/mach2","0.4.1"
"121",484635,"poppler-sys-rs","check-failed","poppler-sys-rs",2022-10-22 18:31:33,2021-11-19 21:40:33,5538,"https://gitlab.gnome.org/World/Rust/poppler-rs","0.20.0"
"122",485843,"block-sys","passed","block-sys",2022-08-28 20:35:49,2021-11-22 20:29:19,18714,"https://github.com/madsmtm/objc2","0.1.0-beta.1"
"123",487581,"bitwuzla-sys","passed","bitwuzla-sys",2022-07-26 10:42:58,2021-11-25 12:05:02,666,"https://github.com/fatemender/bitwuzla-sys","0.2.0"
"124",492383,"rpi-led-matrix-sys","check-failed","rpi-led-matrix-sys",2022-01-05 19:18:22,2021-12-04 21:13:56,966,"https://github.com/rust-rpi-led-matrix/rust-rpi-rgb-led-matrix","0.2.1"
"125",499212,"wasm4-sys","passed","wasm4-sys",2022-01-17 11:37:34,2021-12-16 14:41:27,442,"https://github.com/ZetaNumbers/wasm4-rs","0.1.1"
"126",499676,"rkrga-sys","passed","rkrga-sys",2021-12-18 00:49:44,2021-12-17 16:18:42,350,"https://github.com/varphone/rkrga.git","0.1.1"
"127",505506,"gdiplus-sys2","passed","gdiplus-sys2",2021-12-30 20:51:55,2021-12-30 20:51:55,226,"https://github.com/davidrios/gdiplus-sys","0.1.1"
"128",506081,"raylib4-sys","check-failed","raylib4-sys",2022-01-01 10:57:15,2022-01-01 10:08:47,299,"https://github.com/sile/raylib4-sys","0.1.2"
"129",522189,"rlua-lua54-sys","passed","rlua-lua54-sys",2022-07-24 08:35:40,2022-01-26 22:08:27,11868,"https://github.com/amethyst/rlua","0.1.3"
"130",522190,"rlua-lua53-sys","passed","rlua-lua53-sys",2022-07-24 08:36:03,2022-01-26 22:09:10,1957,"https://github.com/amethyst/rlua","0.1.3"
"131",522195,"rlua-lua51-sys","passed","rlua-lua51-sys",2022-07-24 08:36:12,2022-01-26 22:09:36,1881,"https://github.com/amethyst/rlua","0.1.3"
"132",524237,"kernaux-sys","passed","kernaux-sys",2022-06-16 15:47:48,2022-01-30 23:18:01,400,"https://github.com/tailix/libkernaux/tree/master/bindings/rust","0.4.0"
"133",524617,"chez-sys","check-failed","chez-sys",2022-01-31 14:25:50,2022-01-31 14:25:50,96,"https://github.com/amarmaduke/chez-rs","0.1.0"
"134",526807,"mvsdk","passed","mvsdk",2022-02-04 15:13:00,2022-02-04 13:51:17,184,NA,"0.1.1"
"135",529024,"jni-sys-new","passed","jni-sys-new",2022-02-08 10:44:49,2022-02-08 10:44:49,99,"https://github.com/HalogenPowered/rust-jni-sys","0.4.0"
"136",529403,"wstp-sys","check-failed","wstp-sys",2022-10-20 02:25:43,2022-02-09 00:22:11,1187,"https://github.com/WolframResearch/wstp-rs","0.2.4"
"137",529421,"wolfram-library-link-sys","check-failed","wolfram-library-link-sys",2022-09-19 21:04:07,2022-02-09 01:01:26,979,"https://github.com/WolframResearch/wolfram-library-link-rs","0.2.7"
"138",540146,"zmq-sys2","passed","zmq-sys2",2022-03-04 16:50:53,2022-02-26 23:36:24,15164,"https://github.com/erickt/rust-zmq","0.3.0"
"139",540210,"arcdps-imgui-sys","passed","arcdps-imgui-sys",2022-02-27 03:46:47,2022-02-27 03:46:47,920,"https://github.com/gw2scratch/imgui-rs","0.8.0"
"140",543665,"quickjs-wasm-sys","check-failed","quickjs-wasm-sys",2022-03-04 20:19:15,2022-03-04 20:19:15,294,"https://github.com/Shopify/javy/tree/main/crates/quickjs-wasm-sys","0.1.0"
"141",544148,"dos-like-sys","check-failed","dos-like-sys",2022-04-10 10:50:28,2022-03-05 18:04:41,549,"https://github.com/Enet4/dos-like-rs","0.2.3"
"142",550420,"crash-context","passed","crash-context",2022-07-21 13:25:04,2022-03-15 10:59:03,8448,"https://github.com/EmbarkStudios/crash-handling","0.4.0"
"143",552800,"lzip-sys","passed","lzip-sys",2022-04-29 22:07:00,2022-03-18 17:09:00,447,"https://github.com/firasuke/lzip-rs","0.1.4+1.13"
"144",557163,"ndi-sys","passed","ndi-sys",2022-03-27 05:28:26,2022-03-27 05:08:05,184,"https://github.com/coral/ndi-sys","0.1.1"
"145",558123,"htscodecs-sys","passed","htscodecs-sys",2022-03-28 19:57:16,2022-03-28 19:57:16,93,"https://github.com/m4tx/htscodecs-sys.git","1.2.1"
"146",563123,"mir-sys","passed","mir-sys",2022-04-06 12:48:58,2022-04-06 12:48:58,197,"https://github.com/oxalica/mir-rs","0.1.0+mir.0.1.1"
"147",563273,"ittapi-sys","passed","ittapi-sys",2022-04-12 18:31:36,2022-04-06 18:45:51,84034,"https://github.com/intel/ittapi","0.3.1"
"148",567734,"ni-syscfg-sys","passed","ni-syscfg-sys",2022-04-14 19:45:36,2022-04-14 19:45:36,136,"https://github.com/WiresmithTech/ni-syscfg-rs","20.5.0"
"149",570121,"libui-ng-sys","check-failed","libui-ng-sys",2022-05-21 12:08:26,2022-04-19 01:06:50,1154,"https://github.com/norepimorphism/libui-ng-sys","0.4.5"
"150",570777,"rb-sys","passed","rb-sys",2022-10-20 14:27:41,2022-04-20 05:04:37,44110,"https://github.com/oxidize-rb/rb-sys","0.9.34"
"151",573349,"iconv-sys","passed","iconv-sys",2022-05-24 16:01:00,2022-04-24 22:32:56,2805,"https://github.com/A1-Triard/iconv-sys","0.0.4"
"152",573541,"errno-sys","passed","errno-sys",2022-05-24 15:53:12,2022-04-25 04:27:15,11818,"https://github.com/A1-Triard/errno-sys","0.1.0"
"153",579272,"cityhash-sys","passed","cityhash-sys",2022-07-04 15:02:01,2022-05-02 19:38:41,536,"https://github.com/HUD-Software/cityhash-sys","1.0.2"
"154",585386,"substreams","passed","substreams",2022-10-21 17:14:52,2022-05-12 18:18:59,1934,"https://github.com/streamingfast/substreams-rs","0.3.2"
"155",589312,"crseo-sys","check-failed","crseo-sys",2022-05-18 21:44:33,2022-05-18 21:44:33,400,"https://github.com/rconan/crseo","0.1.0"
"156",595490,"libz-ng-sys","passed","libz-ng-sys",2022-05-28 05:18:16,2022-05-28 01:55:33,37467,"https://github.com/rust-lang/libz-sys","1.1.8"
"157",598586,"libesedb-sys","check-failed","libesedb-sys",2022-07-11 01:38:09,2022-06-02 00:16:03,350,"https://github.com/sunsetkookaburra/rust-libesedb","0.1.2"
"158",604816,"ioctl-macro","passed","ioctl-macro",2022-06-13 00:31:56,2022-06-13 00:31:56,188,"https://gitlab.com/gm666q/input-event-codes","0.0.1"
"159",611152,"custos","check-failed","custos",2022-09-10 18:26:50,2022-06-22 21:17:19,1000,"https://github.com/elftausend/custos","0.5.0"
"160",613013,"songww-harfbuzz-sys","check-failed","songww-harfbuzz-sys",2022-06-28 07:46:05,2022-06-25 12:54:31,147,"https://github.com/songww/rust-harfbuzz","0.2.0"
"161",618108,"memmapix","passed","memmapix",2022-07-03 02:47:06,2022-07-03 02:18:05,791,"https://github.com/al8n/memmapix","0.6.3"
"162",618346,"inochi2d-rs","check-failed","inochi2d-rs",2022-07-03 13:48:03,2022-07-03 13:48:03,38,"https://github.com/Inochi2D/inochi2d-rs","0.1.0"
"163",620034,"libwavm-sys","passed","libwavm-sys",2022-07-07 14:27:47,2022-07-05 20:05:25,203,"https://github.com/heviat/libwavm-sys","0.1.4"
"164",620928,"hinawa-sys","check-failed","hinawa-sys",2022-07-14 09:30:27,2022-07-07 04:40:49,555,"https://github.com/alsa-project/hinawa-rs/","0.7.0"
"165",621120,"hitaki-sys","check-failed","hitaki-sys",2022-07-14 09:46:03,2022-07-07 11:36:53,346,"https://github.com/alsa-project/hitaki-rs/","0.2.0"
"166",621161,"alsactl-sys","check-failed","alsactl-sys",2022-07-14 09:58:01,2022-07-07 13:16:12,248,"https://github.com/alsa-project/alsa-gobject-rs","0.4.0"
"167",621163,"alsahwdep-sys","check-failed","alsahwdep-sys",2022-07-14 10:04:20,2022-07-07 13:17:16,230,"https://github.com/alsa-project/alsa-gobject-rs","0.4.0"
"168",621165,"alsarawmidi-sys","check-failed","alsarawmidi-sys",2022-07-14 10:08:40,2022-07-07 13:18:25,225,"https://github.com/alsa-project/alsa-gobject-rs","0.4.0"
"169",621179,"alsatimer-sys","check-failed","alsatimer-sys",2022-07-14 10:11:44,2022-07-07 13:43:47,355,"https://github.com/alsa-project/alsa-gobject-rs","0.4.0"
"170",621187,"alsaseq-sys","check-failed","alsaseq-sys",2022-07-14 10:17:11,2022-07-07 13:59:24,248,"https://github.com/alsa-project/alsa-gobject-rs","0.4.0"
"171",621205,"hinoko-sys","check-failed","hinoko-sys",2022-07-14 09:38:52,2022-07-07 14:31:39,190,"https://github.com/takaswie/hinoko-rs/","0.1.0"
"172",622049,"service-management-sys","passed","service-management-sys",2022-07-08 18:39:08,2022-07-08 18:39:08,69,"https://github.com/hankbao/service-management-sys","0.1.0"
"173",632977,"lean-sys","check-failed","lean-sys",2022-08-22 16:29:29,2022-07-26 04:07:10,66,"https://gitlab.com/tekne/lean-sys","0.0.2"
"174",638861,"substreams-ethereum-core","passed","substreams-ethereum-core",2022-10-21 19:53:49,2022-08-04 18:11:18,1188,"https://github.com/streamingfast/substreams-ethereum/tree/develop/core","0.6.2"
"175",645989,"ni-daqmx-sys","passed","ni-daqmx-sys",2022-08-25 14:54:37,2022-08-15 15:25:35,61,"https://github.com/WiresmithTech/ni-daqmx-sys","20.7.1"
"176",668489,"winfsp-sys","check-failed","winfsp-sys",2022-09-23 06:21:49,2022-09-18 05:25:18,301,"https://github.com/SnowflakePowered/winfsp-rs","0.1.4+winfsp-1.11"
"177",674399,"libpicnic-sys","passed","libpicnic-sys",2022-09-26 18:55:13,2022-09-26 18:55:13,118,"https://github.com/ait-crypto/picnic-bindings-rs","0.1.0+3.0.18"
"178",677819,"sleef-trig-sys","passed","sleef-trig-sys",2022-10-01 13:11:43,2022-10-01 13:11:43,51,"https://github.com/greatest-ape/sleef-trig","0.1.0"
"179",679009,"flipper0-sys","passed","flipper0-sys",2022-10-22 17:34:01,2022-10-03 13:48:23,298,"https://github.com/boozook/flipper0.git","0.2.10"
"180",680787,"minimap2-sys","check-failed","minimap2-sys",2022-10-07 02:42:35,2022-10-05 22:36:06,137,"https://github.com/jguhlin/minimap2-rs","0.1.5"
"181",691788,"lua-latest-sys","passed","lua-latest-sys",2022-10-20 16:36:42,2022-10-19 16:58:38,75,"https://github.com/jakobzs/lua-latest-sys","0.0.2"
"182",693894,"ogg_next_sys","passed","ogg_next_sys",2022-10-21 21:24:33,2022-10-21 20:47:36,188,"https://github.com/ComunidadAylas/vorbis-rs","0.1.1"
"183",693922,"aotuv_lancer_vorbis_sys","passed","aotuv_lancer_vorbis_sys",2022-10-21 21:26:15,2022-10-21 21:26:15,160,"https://github.com/ComunidadAylas/vorbis-rs","0.1.0"
"184",695111,"suitesparse_graphblas_sys","check-failed","suitesparse_graphblas_sys",2022-10-23 09:43:47,2022-10-23 09:40:21,41,"https://github.com/code-sam/graphblas_sparse_linear_algebra","0.1.1"
